{
    "app_name": "CharlyChess",
    "version": "0.98",
    "author": "Karlova",
    "author2": "von Vincseize",
    "default_theme": "classic",
    "default_lang": "fr",
    "features": {
        "flip_board": true,
        "move_history": true,
        "move_validation": true,
        "responsive": true
    },
    "colors": {
        "square_white": "#F0D9B5",
        "square_black": "#B58863",
        "selected": "#aec6cf",
        "move_indicator": "#32CD32",
        "capture_indicator": "#ff4444"
    },
    "debug": {
        "console_log": true
    },
    "chess_engine": {
        "console_log": true
    },
    "lang": {
        "fr": {
            "app_name": "CharlyChess",
            "traitAuBlancs": "Trait aux Blancs",
            "traitAuxNoirs": "Trait aux Noirs",
            "accueil": "Accueil",
            "new_game": "Nouvelle Partie",
            "flip_board": "Tourner",
            "white_time": "Temps Blancs",
            "black_time": "Temps Noirs",
            "moves": "Coups",
            "copy_pgn": "PGN",
            "copy_fen": "FEN",
            "human_vs_human": "Humain vs Humain",
            "random_bot": "Niveau 1 - Aléatoire",
            "ccmo_bot": "Niveau 2 - CCMO",
            "ccmo_bot3": "Niveau 3 - CCMO",
            "select_color": "Choisir votre couleur",
            "white": "Blancs",
            "black": "Noirs",
            "random": "Aléatoire",
            "start_game": "Démarrer la Partie",
            "unknown": "Inconnu",
            "computer_player": "Bot",
            "human_player": "Humain",
            "white_player": "Blancs",
            "black_player": "Noirs",
            "game_status": "Statut de la partie",
            "white_time_label": "Temps Blancs",
            "black_time_label": "Temps Noirs",
            "move_history": "Historique des coups",
            "moves_title": "Coups",
            "copy_pgn_title": "Copier le PGN",
            "copy_fen_title": "Copier le FEN",
            "no_moves_played": "Aucun coup joué",
            "footer_app": "CharlyChess",
            "footer_dev": "Dev.",
            "footer_copyright": "&copy; LRDS 2024-",
            "footer_and": "et",
            "mobile_icon": "Téléphone",
            "tablet_icon": "Tablette",
            "desktop_icon": "Ordinateur",
            "thinking": "réfléchit...",
            "bot_thinking": "Bot réfléchit...",
            "white_thinking": "Blancs réfléchissent",
            "black_thinking": "Noirs réfléchissent",
            "game_over": "Partie terminée",
            "checkmate": "Échec et mat",
            "stalemate": "Pat",
            "draw": "Match nul",
            "check": "Échec",
            "new_game_started": "Nouvelle partie démarrée",
            "board_flipped": "Plateau tourné",
            "fen_copied": "FEN copié",
            "pgn_copied": "PGN copié",
            "copy_success": "Copié avec succès",
            "copy_error": "Erreur lors de la copie",
            "player_turn": "Au tour de",
            "bot_turn": "Tour du bot",
            "human_turn": "Tour du joueur",
            "move_completed": "Coup effectué",
            "invalid_move": "Coup invalide",
            "promotion_required": "Promotion requise",
            "select_promotion": "Sélectionnez une promotion",
            "win_message": "remportent la victoire !",
            "checkmate_desc": "Le roi adverse est mat.",
            "stalemate_desc": "Match nul par pat ! Le roi n'a aucun coup légal sans être en échec.",
            "draw_desc": "La partie se termine par un match nul.",
            "strategy_check": "Stratégie: Échec",
            "strategy_capture": "Stratégie: Capture",
            "strategy_threat": "Stratégie: Menace",
            "strategy_optimization": "Stratégie: Optimisation",
            "strategy_random": "Stratégie: Aléatoire",
            "bot_strategy_ccmo": "Stratégie CCMO: Échec → Capture → Menace → Optimisation",
            "bot_strategy_random": "Stratégie aléatoire",
            "debug_mode": "Mode debug",
            "silent_mode": "Mode silencieux",
            "config_loaded": "Configuration chargée",
            "config_error": "Erreur configuration",
            "plays": "Joue les",
            "fen_generation_error": "Erreur génération FEN",
            "pgn_generation_error": "Erreur génération PGN",
            "no_moves_to_copy": "Aucun coup joué pour copier",
            "fen_copied_fallback": "FEN copié (méthode alternative)",
            "pgn_copied_fallback": "PGN copié (méthode alternative)",
            "copy_impossible_fen": "Impossible de copier le FEN",
            "copy_impossible_pgn": "Impossible de copier le PGN",
            "copy_error_fen": "Erreur lors de la copie du FEN",
            "copy_error_pgn": "Erreur lors de la copie du PGN",
            "Level": "Niveau",
            "bots": {
                "bot_1": "Level 1 : Aléatoire",
                "bot_2": "Level 2 : ECMO (Basique)",
                "bot_3": "Level 3 : ECMO (Avancé)",
                "bot_4": "Level 4 : Stratège (Agressif)",
                "bot_5": "Level 5 : Maître (Étrangleur)",
                "bot_16": "Level 16 : Deep Neural (Test)"
            }
        },
        "en": {
            "app_name": "CharlyChess",
            "traitAuBlancs": "White to move",
            "traitAuxNoirs": "Black to move",
            "accueil": "Home",
            "new_game": "New Game",
            "flip_board": "Flip",
            "white_time": "White Time",
            "black_time": "Black Time",
            "moves": "Moves",
            "copy_pgn": "PGN",
            "copy_fen": "FEN",
            "human_vs_human": "Human vs Human",
            "random_bot": "Level 1 - Random",
            "ccmo_bot": "Level 2 - CCMO",
            "ccmo_bot3": "Level 3 - CCMO",
            "select_color": "Choose your color",
            "white": "White",
            "black": "Black",
            "random": "Random",
            "start_game": "Start Game",
            "unknown": "Unknown",
            "computer_player": "Bot",
            "human_player": "Human",
            "white_player": "White",
            "black_player": "Black",
            "game_status": "Game Status",
            "white_time_label": "White Time",
            "black_time_label": "Black Time",
            "move_history": "Move History",
            "moves_title": "Moves",
            "copy_pgn_title": "Copy PGN",
            "copy_fen_title": "Copy FEN",
            "no_moves_played": "No moves played",
            "footer_app": "CharlyChess",
            "footer_dev": "Dev.",
            "footer_copyright": "&copy; LRDS 2024-",
            "footer_and": "and",
            "mobile_icon": "Phone",
            "tablet_icon": "Tablet",
            "desktop_icon": "Desktop",
            "thinking": "thinking...",
            "bot_thinking": "Bot thinking...",
            "white_thinking": "White thinking",
            "black_thinking": "Black thinking",
            "game_over": "Game over",
            "checkmate": "Checkmate",
            "stalemate": "Stalemate",
            "draw": "Draw",
            "check": "Check",
            "new_game_started": "New game started",
            "board_flipped": "Board flipped",
            "fen_copied": "FEN copied",
            "pgn_copied": "PGN copied",
            "copy_success": "Copied successfully",
            "copy_error": "Error copying",
            "player_turn": "Turn of",
            "bot_turn": "Bot's turn",
            "human_turn": "Human's turn",
            "move_completed": "Move completed",
            "invalid_move": "Invalid move",
            "promotion_required": "Promotion required",
            "select_promotion": "Select promotion",
            "win_message": "wins the victory!",
            "checkmate_desc": "The opponent's king is checkmated.",
            "stalemate_desc": "Draw by stalemate! The king has no legal moves without being in check.",
            "draw_desc": "The game ends in a draw.",
            "strategy_check": "Strategy: Check",
            "strategy_capture": "Strategy: Capture",
            "strategy_threat": "Strategy: Threat",
            "strategy_optimization": "Strategy: Optimization",
            "strategy_random": "Strategy: Random",
            "bot_strategy_ccmo": "Strategy CCMO: Check → Capture → Threat → Optimization",
            "bot_strategy_random": "Random strategy",
            "debug_mode": "Debug mode",
            "silent_mode": "Silent mode",
            "config_loaded": "Config loaded",
            "config_error": "Config error",
            "plays": "Plays",
            "fen_generation_error": "FEN generation error",
            "pgn_generation_error": "PGN generation error",
            "no_moves_to_copy": "No moves played to copy",
            "fen_copied_fallback": "FEN copied (fallback method)",
            "pgn_copied_fallback": "PGN copied (fallback method)",
            "copy_impossible_fen": "Unable to copy FEN",
            "copy_impossible_pgn": "Unable to copy PGN",
            "copy_error_fen": "Error copying FEN",
            "copy_error_pgn": "Error copying PGN",
            "Level": "Level",
            "bots": {
            "bot_1": "Level 1: Random",
            "bot_2": "Level 2: ECMO (Basic)",
            "bot_3": "Level 3: ECMO (Advanced)",
            "bot_4": "Level 4: Strategist (Aggressive)",
            "bot_5": "Level 5: Master (Strangler)",
            "bot_16": "Level 16: Deep Neural (Experimental)"
        }
        }
    }
}